"crime","largelots","business","river","noxide","rooms","owner1940","distance","accessibility","tax","pupteacher","blacks","lowerstatus"
-0.462416484558303,0,2.09679018001445,"no",-0.619896718820353,1.78322313820577,3.00241822565691,1.54915698154917,1.38629436111989,5.7268477475872,4.44706674769986,3.969,2.87402157263998
-3.58885314004681,7.5,1.08180517035173,"no",-0.84863208340034,1.88631178616928,0.221891790196934,1.68660263652915,1.09861228866811,5.52942908751142,1.51020396976326,3.9563,2.07846096908265
-3.32869069087541,8,1.21491274436427,"no",-0.921303273697699,1.83896107071235,0.133674942441731,1.88881055701474,1.38629436111989,5.82008293035236,0.62640679981149,3.969,2.16101827849743
